Code,Name,Continent,Region,SurfaceArea,IndepYear,GovernmentFormAFG,Afghanistan,Asia,Southern and Central Asia,652090,1919,Islamic EmirateNLD,Netherlands,Europe,Western Europe,41526,1581,Constitutional MonarchyANT,Netherlands Antilles,North America,Caribbean,800,NULL,Nonmetropolitan Territory of The NetherlandsALB,Albania,Europe,Southern Europe,28748,1912,RepublicDZA,Algeria,Africa,Northern Africa,2381741,1962,RepublicASM,American Samoa,Oceania,Polynesia,199,NULL,US TerritoryAND,Andorra,Europe,Southern Europe,468,1278,Parliamentary CoprincipalityAGO,Angola,Africa,Central Africa,1246700,1975,RepublicAIA,Anguilla,North America,Caribbean,96,NULL,Dependent Territory of the UKATG,Antigua and Barbuda,North America,Caribbean,442,1981,Constitutional MonarchyARE,United Arab Emirates,Asia,Middle East,83600,1971,Emirate FederationARG,Argentina,South America,South America,2780400,1816,Federal RepublicARM,Armenia,Asia,Middle East,29800,1991,RepublicABW,Aruba,North America,Caribbean,193,NULL,Nonmetropolitan Territory of The NetherlandsAUS,Australia,Oceania,Australia and New Zealand,7741220,1901,"Constitutional Monarchy, Federation"AZE,Azerbaijan,Asia,Middle East,86600,1991,Federal RepublicBHS,Bahamas,North America,Caribbean,13878,1973,Constitutional MonarchyBHR,Bahrain,Asia,Middle East,694,1971,Monarchy (Emirate)BGD,Bangladesh,Asia,Southern and Central Asia,143998,1971,RepublicBRB,Barbados,North America,Caribbean,430,1966,Constitutional MonarchyBEL,Belgium,Europe,Western Europe,30518,1830,"Constitutional Monarchy, Federation"BLZ,Belize,North America,Central America,22696,1981,Constitutional MonarchyBEN,Benin,Africa,Western Africa,112622,1960,RepublicBMU,Bermuda,North America,North America,53,NULL,Dependent Territory of the UKBTN,Bhutan,Asia,Southern and Central Asia,47000,1910,MonarchyBOL,Bolivia,South America,South America,1098581,1825,RepublicBIH,Bosnia and Herzegovina,Europe,Southern Europe,51197,1992,Federal RepublicBWA,Botswana,Africa,Southern Africa,581730,1966,RepublicBRA,Brazil,South America,South America,8547403,1822,Federal RepublicGBR,United Kingdom,Europe,British Islands,242900,1066,Constitutional MonarchyVGB,"Virgin Islands, British",North America,Caribbean,151,NULL,Dependent Territory of the UKBRN,Brunei,Asia,Southeast Asia,5765,1984,Monarchy (Sultanate)BGR,Bulgaria,Europe,Eastern Europe,110994,1908,RepublicBFA,Burkina Faso,Africa,Western Africa,274000,1960,RepublicBDI,Burundi,Africa,Eastern Africa,27834,1962,RepublicCYM,Cayman Islands,North America,Caribbean,264,NULL,Dependent Territory of the UKCHL,Chile,South America,South America,756626,1810,RepublicCOK,Cook Islands,Oceania,Polynesia,236,NULL,Nonmetropolitan Territory of New ZealandCRI,Costa Rica,North America,Central America,51100,1821,RepublicDJI,Djibouti,Africa,Eastern Africa,23200,1977,RepublicDMA,Dominica,North America,Caribbean,751,1978,RepublicDOM,Dominican Republic,North America,Caribbean,48511,1844,RepublicECU,Ecuador,South America,South America,283561,1822,RepublicEGY,Egypt,Africa,Northern Africa,1001449,1922,RepublicSLV,El Salvador,North America,Central America,21041,1841,RepublicERI,Eritrea,Africa,Eastern Africa,117600,1993,RepublicESP,Spain,Europe,Southern Europe,505992,1492,Constitutional MonarchyZAF,South Africa,Africa,Southern Africa,1221037,1910,RepublicETH,Ethiopia,Africa,Eastern Africa,1104300,-1000,RepublicFLK,Falkland Islands,South America,South America,12173,NULL,Dependent Territory of the UKFJI,Fiji Islands,Oceania,Melanesia,18274,1970,RepublicPHL,Philippines,Asia,Southeast Asia,300000,1946,RepublicFRO,Faroe Islands,Europe,Nordic Countries,1399,NULL,Part of DenmarkGAB,Gabon,Africa,Central Africa,267668,1960,RepublicGMB,Gambia,Africa,Western Africa,11295,1965,RepublicGEO,Georgia,Asia,Middle East,69700,1991,RepublicGHA,Ghana,Africa,Western Africa,238533,1957,RepublicGIB,Gibraltar,Europe,Southern Europe,6,NULL,Dependent Territory of the UKGRD,Grenada,North America,Caribbean,344,1974,Constitutional MonarchyGRL,Greenland,North America,North America,2166090,NULL,Part of DenmarkGLP,Guadeloupe,North America,Caribbean,1705,NULL,Overseas Department of FranceGUM,Guam,Oceania,Micronesia,549,NULL,US TerritoryGTM,Guatemala,North America,Central America,108889,1821,RepublicGIN,Guinea,Africa,Western Africa,245857,1958,RepublicGNB,Guinea-Bissau,Africa,Western Africa,36125,1974,RepublicGUY,Guyana,South America,South America,214969,1966,RepublicHTI,Haiti,North America,Caribbean,27750,1804,RepublicHND,Honduras,North America,Central America,112088,1838,RepublicHKG,Hong Kong,Asia,Eastern Asia,1075,NULL,Special Administrative Region of ChinaSJM,Svalbard and Jan Mayen,Europe,Nordic Countries,62422,NULL,Dependent Territory of NorwayIDN,Indonesia,Asia,Southeast Asia,1904569,1945,RepublicIND,India,Asia,Southern and Central Asia,3287263,1947,Federal RepublicIRQ,Iraq,Asia,Middle East,438317,1932,RepublicIRN,Iran,Asia,Southern and Central Asia,1648195,1906,Islamic RepublicIRL,Ireland,Europe,British Islands,70273,1921,RepublicISL,Iceland,Europe,Nordic Countries,103000,1944,RepublicISR,Israel,Asia,Middle East,21056,1948,RepublicITA,Italy,Europe,Southern Europe,301316,1861,RepublicTMP,East Timor,Asia,Southeast Asia,14874,NULL,Administrated by the UNAUT,Austria,Europe,Western Europe,83859,1918,Federal RepublicJAM,Jamaica,North America,Caribbean,10990,1962,Constitutional MonarchyJPN,Japan,Asia,Eastern Asia,377829,-660,Constitutional MonarchyYEM,Yemen,Asia,Middle East,527968,1918,RepublicJOR,Jordan,Asia,Middle East,88946,1946,Constitutional MonarchyCXR,Christmas Island,Oceania,Australia and New Zealand,135,NULL,Territory of AustraliaYUG,Yugoslavia,Europe,Southern Europe,102173,1918,Federal RepublicKHM,Cambodia,Asia,Southeast Asia,181035,1953,Constitutional MonarchyCMR,Cameroon,Africa,Central Africa,475442,1960,RepublicCAN,Canada,North America,North America,9970610,1867,"Constitutional Monarchy, Federation"CPV,Cape Verde,Africa,Western Africa,4033,1975,RepublicKAZ,Kazakstan,Asia,Southern and Central Asia,2724900,1991,RepublicKEN,Kenya,Africa,Eastern Africa,580367,1963,RepublicCAF,Central African Republic,Africa,Central Africa,622984,1960,RepublicCHN,China,Asia,Eastern Asia,9572900,-1523,People'sRepublicKGZ,Kyrgyzstan,Asia,Southern and Central Asia,199900,1991,RepublicKIR,Kiribati,Oceania,Micronesia,726,1979,RepublicCOL,Colombia,South America,South America,1138914,1810,RepublicCOM,Comoros,Africa,Eastern Africa,1862,1975,RepublicCOG,Congo,Africa,Central Africa,342000,1960,RepublicCOD,"Congo, The Democratic Republic of the",Africa,Central Africa,2344858,1960,RepublicCCK,Cocos (Keeling) Islands,Oceania,Australia and New Zealand,14,NULL,Territory of AustraliaPRK,North Korea,Asia,Eastern Asia,120538,1948,Socialistic RepublicKOR,South Korea,Asia,Eastern Asia,99434,1948,RepublicGRC,Greece,Europe,Southern Europe,131626,1830,RepublicHRV,Croatia,Europe,Southern Europe,56538,1991,RepublicCUB,Cuba,North America,Caribbean,110861,1902,Socialistic RepublicKWT,Kuwait,Asia,Middle East,17818,1961,Constitutional Monarchy (Emirate)CYP,Cyprus,Asia,Middle East,9251,1960,RepublicLAO,Laos,Asia,Southeast Asia,236800,1953,RepublicLVA,Latvia,Europe,Baltic Countries,64589,1991,RepublicLSO,Lesotho,Africa,Southern Africa,30355,1966,Constitutional MonarchyLBN,Lebanon,Asia,Middle East,10400,1941,RepublicLBR,Liberia,Africa,Western Africa,111369,1847,RepublicLBY,Libyan Arab Jamahiriya,Africa,Northern Africa,1759540,1951,Socialistic StateLIE,Liechtenstein,Europe,Western Europe,160,1806,Constitutional MonarchyLTU,Lithuania,Europe,Baltic Countries,65301,1991,RepublicLUX,Luxembourg,Europe,Western Europe,2586,1867,Constitutional MonarchyESH,Western Sahara,Africa,Northern Africa,266000,NULL,Occupied by MaroccoMAC,Macao,Asia,Eastern Asia,18,NULL,Special Administrative Region of ChinaMDG,Madagascar,Africa,Eastern Africa,587041,1960,Federal RepublicMKD,Macedonia,Europe,Southern Europe,25713,1991,RepublicMWI,Malawi,Africa,Eastern Africa,118484,1964,RepublicMDV,Maldives,Asia,Southern and Central Asia,298,1965,RepublicMYS,Malaysia,Asia,Southeast Asia,329758,1957,"Constitutional Monarchy, Federation"MLI,Mali,Africa,Western Africa,1240192,1960,RepublicMLT,Malta,Europe,Southern Europe,316,1964,RepublicMAR,Morocco,Africa,Northern Africa,446550,1956,Constitutional MonarchyMHL,Marshall Islands,Oceania,Micronesia,181,1990,RepublicMTQ,Martinique,North America,Caribbean,1102,NULL,Overseas Department of FranceMRT,Mauritania,Africa,Western Africa,1025520,1960,RepublicMUS,Mauritius,Africa,Eastern Africa,2040,1968,RepublicMYT,Mayotte,Africa,Eastern Africa,373,NULL,Territorial Collectivity of FranceMEX,Mexico,North America,Central America,1958201,1810,Federal RepublicFSM,"Micronesia, Federated States of",Oceania,Micronesia,702,1990,Federal RepublicMDA,Moldova,Europe,Eastern Europe,33851,1991,RepublicMCO,Monaco,Europe,Western Europe,1.5,1861,Constitutional MonarchyMNG,Mongolia,Asia,Eastern Asia,1566500,1921,RepublicMSR,Montserrat,North America,Caribbean,102,NULL,Dependent Territory of the UKMOZ,Mozambique,Africa,Eastern Africa,801590,1975,RepublicMMR,Myanmar,Asia,Southeast Asia,676578,1948,RepublicNAM,Namibia,Africa,Southern Africa,824292,1990,RepublicNRU,Nauru,Oceania,Micronesia,21,1968,RepublicNPL,Nepal,Asia,Southern and Central Asia,147181,1769,Constitutional MonarchyNIC,Nicaragua,North America,Central America,130000,1838,RepublicNER,Niger,Africa,Western Africa,1267000,1960,RepublicNGA,Nigeria,Africa,Western Africa,923768,1960,Federal RepublicNIU,Niue,Oceania,Polynesia,260,NULL,Nonmetropolitan Territory of New ZealandNFK,Norfolk Island,Oceania,Australia and New Zealand,36,NULL,Territory of AustraliaNOR,Norway,Europe,Nordic Countries,323877,1905,Constitutional MonarchyCIV,Cote d'Ivoire,Africa,Western Africa,322463,1960,RepublicOMN,Oman,Asia,Middle East,309500,1951,Monarchy (Sultanate)PAK,Pakistan,Asia,Southern and Central Asia,796095,1947,RepublicPLW,Palau,Oceania,Micronesia,459,1994,RepublicPAN,Panama,North America,Central America,75517,1903,RepublicPNG,Papua New Guinea,Oceania,Melanesia,462840,1975,Constitutional MonarchyPRY,Paraguay,South America,South America,406752,1811,RepublicPER,Peru,South America,South America,1285216,1821,RepublicPCN,Pitcairn,Oceania,Polynesia,49,NULL,Dependent Territory of the UKMNP,Northern Mariana Islands,Oceania,Micronesia,464,NULL,Commonwealth of the USPRT,Portugal,Europe,Southern Europe,91982,1143,RepublicPRI,Puerto Rico,North America,Caribbean,8875,NULL,Commonwealth of the USPOL,Poland,Europe,Eastern Europe,323250,1918,RepublicGNQ,Equatorial Guinea,Africa,Central Africa,28051,1968,RepublicQAT,Qatar,Asia,Middle East,11000,1971,MonarchyFRA,France,Europe,Western Europe,551500,843,RepublicGUF,French Guiana,South America,South America,90000,NULL,Overseas Department of FrancePYF,French Polynesia,Oceania,Polynesia,4000,NULL,Nonmetropolitan Territory of FranceREU,R̩union,Africa,Eastern Africa,2510,NULL,Overseas Department of FranceROM,Romania,Europe,Eastern Europe,238391,1878,RepublicRWA,Rwanda,Africa,Eastern Africa,26338,1962,RepublicSWE,Sweden,Europe,Nordic Countries,449964,836,Constitutional MonarchySHN,Saint Helena,Africa,Western Africa,314,NULL,Dependent Territory of the UKKNA,Saint Kitts and Nevis,North America,Caribbean,261,1983,Constitutional MonarchyLCA,Saint Lucia,North America,Caribbean,622,1979,Constitutional MonarchyVCT,Saint Vincent and the Grenadines,North America,Caribbean,388,1979,Constitutional MonarchySPM,Saint Pierre and Miquelon,North America,North America,242,NULL,Territorial Collectivity of FranceDEU,Germany,Europe,Western Europe,357022,1955,Federal RepublicSLB,Solomon Islands,Oceania,Melanesia,28896,1978,Constitutional MonarchyZMB,Zambia,Africa,Eastern Africa,752618,1964,RepublicWSM,Samoa,Oceania,Polynesia,2831,1962,Parlementary MonarchySMR,San Marino,Europe,Southern Europe,61,885,RepublicSTP,Sao Tome and Principe,Africa,Central Africa,964,1975,RepublicSAU,Saudi Arabia,Asia,Middle East,2149690,1932,MonarchySEN,Senegal,Africa,Western Africa,196722,1960,RepublicSYC,Seychelles,Africa,Eastern Africa,455,1976,RepublicSLE,Sierra Leone,Africa,Western Africa,71740,1961,RepublicSGP,Singapore,Asia,Southeast Asia,618,1965,RepublicSVK,Slovakia,Europe,Eastern Europe,49012,1993,RepublicSVN,Slovenia,Europe,Southern Europe,20256,1991,RepublicSOM,Somalia,Africa,Eastern Africa,637657,1960,RepublicLKA,Sri Lanka,Asia,Southern and Central Asia,65610,1948,RepublicSDN,Sudan,Africa,Northern Africa,2505813,1956,Islamic RepublicFIN,Finland,Europe,Nordic Countries,338145,1917,RepublicSUR,Suriname,South America,South America,163265,1975,RepublicSWZ,Swaziland,Africa,Southern Africa,17364,1968,MonarchyCHE,Switzerland,Europe,Western Europe,41284,1499,FederationSYR,Syria,Asia,Middle East,185180,1941,RepublicTJK,Tajikistan,Asia,Southern and Central Asia,143100,1991,RepublicTWN,Taiwan,Asia,Eastern Asia,36188,1945,RepublicTZA,Tanzania,Africa,Eastern Africa,883749,1961,RepublicDNK,Denmark,Europe,Nordic Countries,43094,800,Constitutional MonarchyTHA,Thailand,Asia,Southeast Asia,513115,1350,Constitutional MonarchyTGO,Togo,Africa,Western Africa,56785,1960,RepublicTKL,Tokelau,Oceania,Polynesia,12,NULL,Nonmetropolitan Territory of New ZealandTON,Tonga,Oceania,Polynesia,650,1970,MonarchyTTO,Trinidad and Tobago,North America,Caribbean,5130,1962,RepublicTCD,Chad,Africa,Central Africa,1284000,1960,RepublicCZE,Czech Republic,Europe,Eastern Europe,78866,1993,RepublicTUN,Tunisia,Africa,Northern Africa,163610,1956,RepublicTUR,Turkey,Asia,Middle East,774815,1923,RepublicTKM,Turkmenistan,Asia,Southern and Central Asia,488100,1991,RepublicTCA,Turks and Caicos Islands,North America,Caribbean,430,NULL,Dependent Territory of the UKTUV,Tuvalu,Oceania,Polynesia,26,1978,Constitutional MonarchyUGA,Uganda,Africa,Eastern Africa,241038,1962,RepublicUKR,Ukraine,Europe,Eastern Europe,603700,1991,RepublicHUN,Hungary,Europe,Eastern Europe,93030,1918,RepublicURY,Uruguay,South America,South America,175016,1828,RepublicNCL,New Caledonia,Oceania,Melanesia,18575,NULL,Nonmetropolitan Territory of FranceNZL,New Zealand,Oceania,Australia and New Zealand,270534,1907,Constitutional MonarchyUZB,Uzbekistan,Asia,Southern and Central Asia,447400,1991,RepublicBLR,Belarus,Europe,Eastern Europe,207600,1991,RepublicWLF,Wallis and Futuna,Oceania,Polynesia,200,NULL,Nonmetropolitan Territory of FranceVUT,Vanuatu,Oceania,Melanesia,12189,1980,RepublicVAT,Holy See (Vatican City State),Europe,Southern Europe,0.4,1929,Independent Church StateVEN,Venezuela,South America,South America,912050,1811,Federal RepublicRUS,Russian Federation,Europe,Eastern Europe,17075400,1991,Federal RepublicVNM,Vietnam,Asia,Southeast Asia,331689,1945,Socialistic RepublicEST,Estonia,Europe,Baltic Countries,45227,1991,RepublicUSA,United States,North America,North America,9363520,1776,Federal RepublicVIR,"Virgin Islands, U.S.",North America,Caribbean,347,NULL,US TerritoryZWE,Zimbabwe,Africa,Eastern Africa,390757,1980,RepublicPSE,Palestine,Asia,Middle East,6257,NULL,Autonomous Area